-- phpMyAdmin SQL Dump
-- version 4.7.7
-- https://www.phpmyadmin.net/
--
-- Хост: 127.0.0.1:3306
-- Время создания: Авг 03 2018 г., 17:27
-- Версия сервера: 5.7.20
-- Версия PHP: 7.1.12

SET SQL_MODE = "NO_AUTO_VALUE_ON_ZERO";
SET AUTOCOMMIT = 0;
START TRANSACTION;
SET time_zone = "+00:00";


/*!40101 SET @OLD_CHARACTER_SET_CLIENT=@@CHARACTER_SET_CLIENT */;
/*!40101 SET @OLD_CHARACTER_SET_RESULTS=@@CHARACTER_SET_RESULTS */;
/*!40101 SET @OLD_COLLATION_CONNECTION=@@COLLATION_CONNECTION */;
/*!40101 SET NAMES utf8mb4 */;

--
-- База данных: `test2`
--

-- --------------------------------------------------------

--
-- Структура таблицы `basket`
--

CREATE TABLE `basket` (
  `id_basket` int(11) NOT NULL,
  `id_user` int(11) DEFAULT NULL,
  `id_good` int(11) NOT NULL,
  `price` double NOT NULL,
  `is_in_order` tinyint(4) NOT NULL,
  `id_order` int(11) DEFAULT NULL,
  `id_session` varchar(50) NOT NULL,
  `col` int(11) NOT NULL,
  `amount` int(11) NOT NULL
) ENGINE=InnoDB DEFAULT CHARSET=utf8;

--
-- Дамп данных таблицы `basket`
--

INSERT INTO `basket` (`id_basket`, `id_user`, `id_good`, `price`, `is_in_order`, `id_order`, `id_session`, `col`, `amount`) VALUES
(1, NULL, 16, 73, 1, NULL, '9vaenphu0ujrtrn6d10i8f75gll6g9q1', 1, 73),
(2, NULL, 1, 52, 1, NULL, '9vaenphu0ujrtrn6d10i8f75gll6g9q1', 3, 156),
(5, NULL, 1, 52, 1, NULL, '9vaenphu0ujrtrn6d10i8f75gll6g9q2', 1, 52),
(16, NULL, 3, 73, 1, NULL, '77q04tat8ecctge5g31ko9p1lj39q759', 1, 73);

-- --------------------------------------------------------

--
-- Структура таблицы `categories`
--

CREATE TABLE `categories` (
  `id_category` int(11) NOT NULL,
  `status` int(11) DEFAULT NULL,
  `name` varchar(50) DEFAULT NULL,
  `parent_id` int(11) DEFAULT NULL
) ENGINE=InnoDB DEFAULT CHARSET=utf8;

--
-- Дамп данных таблицы `categories`
--

INSERT INTO `categories` (`id_category`, `status`, `name`, `parent_id`) VALUES
(1, 1, 'Category 1', 0),
(2, 1, 'Category 2', 1),
(3, 1, 'Category 3', 1),
(4, 1, 'Category 4', 0),
(5, 1, 'Category 5', 2),
(6, 1, 'Category 6', 5);

-- --------------------------------------------------------

--
-- Структура таблицы `goods`
--

CREATE TABLE `goods` (
  `id_good` int(11) NOT NULL,
  `name` varchar(50) DEFAULT NULL,
  `price` double DEFAULT NULL,
  `id_category` int(11) NOT NULL,
  `status` int(11) DEFAULT NULL,
  `image` varchar(50) DEFAULT NULL,
  `description` varchar(2048) DEFAULT NULL,
  `short_description` varchar(2048) DEFAULT NULL
) ENGINE=InnoDB DEFAULT CHARSET=utf8;

--
-- Дамп данных таблицы `goods`
--

INSERT INTO `goods` (`id_good`, `name`, `price`, `id_category`, `status`, `image`, `description`, `short_description`) VALUES
(1, 'cotton shirt', 52, 1, 1, 'Layer_2.jpg', 'Compellingly actualize fully researched processes before proactive outsourcing. Progressively syndicate collaborative architectures before cutting-edge services. Completely visualize parallel core competencies rather than exceptional portals.', 'Краткое описание'),
(2, 'windbreaker', 112, 1, 1, 'Layer_4.jpg', 'Compellingly actualize fully researched processes before proactive outsourcing. Progressively syndicate collaborative architectures before cutting-edge services. Completely visualize parallel core competencies rather than exceptional portals.', 'краткое описaние'),
(3, 'people t-shirt', 73, 1, 2, 'Layer_50.jpg', 'Compellingly actualize fully researched processes before proactive outsourcing. Progressively syndicate collaborative architectures before cutting-edge services. Completely visualize parallel core competencies rather than exceptional portals.', 'Lorem Ipsum is simply dummy text of the printing and typesetting industry. Lorem Ipsum has been the industry s standard dummy text ever since the 1500s, when an unknown printer took a galley of type and scrambled it to make a type specimen book. When an unknown printer took a galley of type.'),
(4, 'jacket', 84, 1, 2, 'Layer_7.jpg', 'Compellingly actualize fully researched processes before proactive outsourcing. Progressively syndicate collaborative architectures before cutting-edge services. Completely visualize parallel core competencies rather than exceptional portals.', 'Lorem Ipsum is simply dummy text of the printing and typesetting industry. Lorem Ipsum has been the industry standard dummy text ever since the 1500s, when an unknown printer took a galley of type and scrambled it to make a type specimen book. When an unknown printer took a galley of type.'),
(5, 'short trousers', 69, 1, 4, 'Layer_8.jpg', 'Compellingly actualize fully researched processes before proactive outsourcing. Progressively syndicate collaborative architectures before cutting-edge services. Completely visualize parallel core competencies rather than exceptional portals.', 'Lorem Ipsum is simply dummy text of the printing and typesetting industry. Lorem Ipsum has been the industry standard dummy text ever since the 1500s, when an unknown printer took a galley of type and scrambled it to make a type specimen book. When an unknown printer took a galley of type.'),
(6, 'sweatshirt', 91, 1, 2, 'Layer_9.jpg', 'Compellingly actualize fully researched processes before proactive outsourcing. Progressively syndicate collaborative architectures before cutting-edge services. Completely visualize parallel core competencies rather than exceptional portals.', 'Lorem Ipsum is simply dummy text of the printing and typesetting industry. Lorem Ipsum has been the industry standard dummy text ever since the 1500s, when an unknown printer took a galley of type and scrambled it to make a type specimen book. When an unknown printer took a galley of type.'),
(7, 'people t-shirt', 103, 1, 2, 'Layer_43.jpg', 'Compellingly actualize fully researched processes before proactive outsourcing. Progressively syndicate collaborative architectures before cutting-edge services. Completely visualize parallel core competencies rather than exceptional portals.', 'Lorem Ipsum is simply dummy text of the printing and typesetting industry. Lorem Ipsum has been the industry standard dummy text ever since the 1500s, when an unknown printer took a galley of type and scrambled it to make a type specimen book. When an unknown printer took a galley of type.'),
(8, 'windbreaker', 78, 1, 1, 'Layer_10.jpg', 'Compellingly actualize fully researched processes before proactive outsourcing. Progressively syndicate collaborative architectures before cutting-edge services. Completely visualize parallel core competencies rather than exceptional portals.', 'Lorem Ipsum is simply dummy text of the printing and typesetting industry. Lorem Ipsum has been the industry standard dummy text ever since the 1500s, when an unknown printer took a galley of type and scrambled it to make a type specimen book. When an unknown printer took a galley of type.'),
(9, 'people t-shirt', 65, 1, 1, 'Layer_11.jpg', 'Compellingly actualize fully researched processes before proactive outsourcing. Progressively syndicate collaborative architectures before cutting-edge services. Completely visualize parallel core competencies rather than exceptional portals.', 'Lorem Ipsum is simply dummy text of the printing and typesetting industry. Lorem Ipsum has been the industry standard dummy text ever since the 1500s, when an unknown printer took a galley of type and scrambled it to make a type specimen book. When an unknown printer took a galley of type.'),
(10, 'sweatshirt', 138, 1, 1, 'Layer_12.jpg', 'Compellingly actualize fully researched processes before proactive outsourcing. Progressively syndicate collaborative architectures before cutting-edge services. Completely visualize parallel core competencies rather than exceptional portals.', 'Lorem Ipsum is simply dummy text of the printing and typesetting industry. Lorem Ipsum has been the industry standard dummy text ever since the 1500s, when an unknown printer took a galley of type and scrambled it to make a type specimen book. When an unknown printer took a galley of type.'),
(11, 'windbreaker', 165, 1, 1, 'Layer_13.jpg', 'Compellingly actualize fully researched processes before proactive outsourcing. Progressively syndicate collaborative architectures before cutting-edge services. Completely visualize parallel core competencies rather than exceptional portals.', 'Lorem Ipsum is simply dummy text of the printing and typesetting industry. Lorem Ipsum has been the industry standard dummy text ever since the 1500s, when an unknown printer took a galley of type and scrambled it to make a type specimen book. When an unknown printer took a galley of type.'),
(12, 'sweatshirt', 132, 1, 1, 'Layer_14.jpg', 'Compellingly actualize fully researched processes before proactive outsourcing. Progressively syndicate collaborative architectures before cutting-edge services. Completely visualize parallel core competencies rather than exceptional portals.', 'Lorem Ipsum is simply dummy text of the printing and typesetting industry. Lorem Ipsum has been the industry standard dummy text ever since the 1500s, when an unknown printer took a galley of type and scrambled it to make a type specimen book. When an unknown printer took a galley of type.'),
(13, 'red blouse', 73, 2, 1, 'Layer_3.jpg', 'There are many variations of passages of Lorem Ipsum available, but the majority have suffered alteration in some form, by injected humour, or randomised words which don look even slightly believable. If you are going to use a passage of Lorem Ipsum, you need to be sure there isn anything embarrassing hidden in the middle of text. There are many variations of passages of Lorem Ipsum available, but the majority have suffered alteration in some form, by injected humour, or randomised words which don look even slightly believable. If you are going to use a passage of Lorem Ipsum, you need to be sure there isn anything embarrassing hidden in the middle of text.   It uses a dictionary of over 200 Latin words, combined with a handful of model sentence structures, to generate Lorem Ipsum which looks reasonable', 'Lorem Ipsum is simply dummy text of the printing and typesetting industry. Lorem Ipsum has been the industry standard dummy text ever since the 1500s, when an unknown printer took a galley of type and scrambled it to make a type specimen book. When an unknown printer took a galley of type.'),
(14, 'sundress', 81, 2, 1, 'Layer_5.jpg', 'There are many variations of passages of Lorem Ipsum available, but the majority have suffered alteration in some form, by injected humour, or randomised words which don anything embarrassing hidden in the middle of text. It uses a dictionary of over 200 Latin words, combined with a handful of model sentence structures, to generate Lorem Ipsum which looks reasonable', 'Lorem Ipsum is simply dummy text of the printing and typesetting industry. Lorem Ipsum has been the industry standard dummy text ever since the 1500s, when an unknown printer took a galley of type and scrambled it to make a type specimen book. When an unknown printer took a galley of type.'),
(15, 'waistcoat', 64, 2, 1, 'Layer_6.jpg', 'There are many variations of passages of Lorem Ipsum available, but the majority have suffered alteration in some form, by injected humour, or randomised words which don  It uses a dictionary of over 200 Latin words, combined with a handful of model sentence structures, to generate Lorem Ipsum which looks reasonable', 'Lorem Ipsum is simply dummy text of the printing and typesetting industry. Lorem Ipsum has been the industry standard dummy text ever since the 1500s, when an unknown printer took a galley of type and scrambled it to make a type specimen book. When an unknown printer took a galley of type.'),
(16, 'black suit', 73, 2, 1, 'Layer_44.jpg', 'There are many variations of passages of Lorem Ipsum available, but the majority have suffered alteration in some form, by injected humour, or randomised words which don look even slightly believable. If you are going to use a passage of Lorem Ipsum, you need to be sure there isn anything embarrassing hidden in the middle of text. There are many variations of passages of Lorem Ipsum available, but the majority have suffered alteration in some form, by injected humour, or randomised words which don look even slightly believable. If you are going to use a passage of Lorem Ipsum, you need to be sure there isn anything embarrassing hidden in the middle of text.   It uses a dictionary of over 200 Latin words, combined with a handful of model sentence structures, to generate Lorem Ipsum which looks reasonable', 'Lorem Ipsum is simply dummy text of the printing and typesetting industry. Lorem Ipsum has been the industry standard dummy text ever since the 1500s, when an unknown printer took a galley of type and scrambled it to make a type specimen book. When an unknown printer took a galley of type.'),
(17, 'petticoat', 81, 2, 1, 'Layer_45.jpg', 'There are many variations of passages of Lorem Ipsum available, but the majority have suffered alteration in some form, by injected humour, or randomised words which don look even slightly believable. If you are going to use a passage of Lorem Ipsum, you need to be sure there isn anything embarrassing hidden in the middle of text. There are many variations of passages of Lorem Ipsum available, but the majority have suffered alteration in some form, by injected humour, or randomised words which don look even slightly believable. If you are going to use a passage of Lorem Ipsum, you need to be sure there isn anything embarrassing hidden in the middle of text.   It uses a dictionary of over 200 Latin words, combined with a handful of model sentence structures, to generate Lorem Ipsum which looks reasonable', 'Lorem Ipsum is simply dummy text of the printing and typesetting industry. Lorem Ipsum has been the industry standard dummy text ever since the 1500s, when an unknown printer took a galley of type and scrambled it to make a type specimen book. When an unknown printer took a galley of type.'),
(18, 'waistcoat', 64, 2, 1, 'Layer_46.jpg', 'There are many variations of passages of Lorem Ipsum available, but the majority have suffered alteration in some form, by injected humour, or randomised words which don look even slightly believable. If you are going to use a passage of Lorem Ipsum, you need to be sure there isn anything embarrassing hidden in the middle of text. There are many variations of passages of Lorem Ipsum available, but the majority have suffered alteration in some form, by injected humour, or randomised words which don look even slightly believable. If you are going to use a passage of Lorem Ipsum, you need to be sure there isn anything embarrassing hidden in the middle of text.   It uses a dictionary of over 200 Latin words, combined with a handful of model sentence structures, to generate Lorem Ipsum which looks reasonable', 'Lorem Ipsum is simply dummy text of the printing and typesetting industry. Lorem Ipsum has been the industry standard dummy text ever since the 1500s, when an unknown printer took a galley of type and scrambled it to make a type specimen book. When an unknown printer took a galley of type.'),
(19, 'women sweatshirt', 64, 2, 1, 'Layer_47.jpg', 'There are many variations of passages of Lorem Ipsum available, but the majority have suffered alteration in some form, by injected humour, or randomised words which don look even slightly believable. If you are going to use a passage of Lorem Ipsum, you need to be sure there isn anything embarrassing hidden in the middle of text. There are many variations of passages of Lorem Ipsum available, but the majority have suffered alteration in some form, by injected humour, or randomised words which don look even slightly believable. If you are going to use a passage of Lorem Ipsum, you need to be sure there isn anything embarrassing hidden in the middle of text.   It uses a dictionary of over 200 Latin words, combined with a handful of model sentence structures, to generate Lorem Ipsum which looks reasonable', 'Lorem Ipsum is simply dummy text of the printing and typesetting industry. Lorem Ipsum has been the industry standard dummy text ever since the 1500s, when an unknown printer took a galley of type and scrambled it to make a type specimen book. When an unknown printer took a galley of type.');

-- --------------------------------------------------------

--
-- Структура таблицы `order`
--

CREATE TABLE `order` (
  `id_order` int(11) NOT NULL,
  `id_user` int(11) NOT NULL,
  `amount` double NOT NULL,
  `datetime_create` datetime NOT NULL,
  `id_order_status` int(11) NOT NULL
) ENGINE=InnoDB DEFAULT CHARSET=utf8;

-- --------------------------------------------------------

--
-- Структура таблицы `order_status`
--

CREATE TABLE `order_status` (
  `id_order_status` int(11) NOT NULL,
  `order_status_name` varchar(50) NOT NULL
) ENGINE=InnoDB DEFAULT CHARSET=utf8;

-- --------------------------------------------------------

--
-- Структура таблицы `pages`
--

CREATE TABLE `pages` (
  `id` int(11) NOT NULL,
  `name` varchar(256) NOT NULL
) ENGINE=InnoDB DEFAULT CHARSET=utf8;

--
-- Дамп данных таблицы `pages`
--

INSERT INTO `pages` (`id`, `name`) VALUES
(1, 'Главная'),
(2, 'О Магазине'),
(3, 'Каталог');

-- --------------------------------------------------------

--
-- Структура таблицы `role`
--

CREATE TABLE `role` (
  `id_role` int(11) NOT NULL,
  `role_name` varchar(50) DEFAULT NULL
) ENGINE=InnoDB DEFAULT CHARSET=utf8;

-- --------------------------------------------------------

--
-- Структура таблицы `user`
--

CREATE TABLE `user` (
  `id_user` int(11) NOT NULL,
  `user_name` varchar(50) NOT NULL,
  `user_login` varchar(50) NOT NULL,
  `UID` varchar(50) NOT NULL,
  `user_password` varchar(60) NOT NULL,
  `user_last_action` timestamp NOT NULL
) ENGINE=InnoDB DEFAULT CHARSET=utf8;

--
-- Дамп данных таблицы `user`
--

INSERT INTO `user` (`id_user`, `user_name`, `user_login`, `UID`, `user_password`, `user_last_action`) VALUES
(1, 'User', 'user', '5b4fff7c3f7593.89594867', 'ee11cbb19052e40b07aac0ca060c23ee', '2018-07-10 17:00:00');

-- --------------------------------------------------------

--
-- Структура таблицы `user_role`
--

CREATE TABLE `user_role` (
  `id_user_role` int(11) NOT NULL,
  `id_user` int(11) NOT NULL,
  `id_role` int(11) NOT NULL
) ENGINE=InnoDB DEFAULT CHARSET=utf8;

--
-- Индексы сохранённых таблиц
--

--
-- Индексы таблицы `basket`
--
ALTER TABLE `basket`
  ADD PRIMARY KEY (`id_basket`),
  ADD KEY `fk_basket_user1_idx` (`id_user`),
  ADD KEY `fk_basket_goods1_idx` (`id_good`),
  ADD KEY `fk_basket_order1_idx` (`id_order`);

--
-- Индексы таблицы `categories`
--
ALTER TABLE `categories`
  ADD PRIMARY KEY (`id_category`);

--
-- Индексы таблицы `goods`
--
ALTER TABLE `goods`
  ADD PRIMARY KEY (`id_good`),
  ADD KEY `fk_goods_categories_idx` (`id_category`);

--
-- Индексы таблицы `order`
--
ALTER TABLE `order`
  ADD PRIMARY KEY (`id_order`),
  ADD KEY `fk_order_order_status1_idx` (`id_order_status`);

--
-- Индексы таблицы `order_status`
--
ALTER TABLE `order_status`
  ADD PRIMARY KEY (`id_order_status`);

--
-- Индексы таблицы `pages`
--
ALTER TABLE `pages`
  ADD PRIMARY KEY (`id`);

--
-- Индексы таблицы `role`
--
ALTER TABLE `role`
  ADD PRIMARY KEY (`id_role`);

--
-- Индексы таблицы `user`
--
ALTER TABLE `user`
  ADD PRIMARY KEY (`id_user`);

--
-- Индексы таблицы `user_role`
--
ALTER TABLE `user_role`
  ADD PRIMARY KEY (`id_user_role`),
  ADD KEY `fk_user_role_user1_idx` (`id_user`),
  ADD KEY `fk_user_role_role1_idx` (`id_role`);

--
-- AUTO_INCREMENT для сохранённых таблиц
--

--
-- AUTO_INCREMENT для таблицы `basket`
--
ALTER TABLE `basket`
  MODIFY `id_basket` int(11) NOT NULL AUTO_INCREMENT, AUTO_INCREMENT=17;

--
-- AUTO_INCREMENT для таблицы `categories`
--
ALTER TABLE `categories`
  MODIFY `id_category` int(11) NOT NULL AUTO_INCREMENT, AUTO_INCREMENT=7;

--
-- AUTO_INCREMENT для таблицы `goods`
--
ALTER TABLE `goods`
  MODIFY `id_good` int(11) NOT NULL AUTO_INCREMENT, AUTO_INCREMENT=20;

--
-- AUTO_INCREMENT для таблицы `order`
--
ALTER TABLE `order`
  MODIFY `id_order` int(11) NOT NULL AUTO_INCREMENT;

--
-- AUTO_INCREMENT для таблицы `order_status`
--
ALTER TABLE `order_status`
  MODIFY `id_order_status` int(11) NOT NULL AUTO_INCREMENT;

--
-- AUTO_INCREMENT для таблицы `pages`
--
ALTER TABLE `pages`
  MODIFY `id` int(11) NOT NULL AUTO_INCREMENT, AUTO_INCREMENT=4;

--
-- AUTO_INCREMENT для таблицы `role`
--
ALTER TABLE `role`
  MODIFY `id_role` int(11) NOT NULL AUTO_INCREMENT;

--
-- AUTO_INCREMENT для таблицы `user`
--
ALTER TABLE `user`
  MODIFY `id_user` int(11) NOT NULL AUTO_INCREMENT, AUTO_INCREMENT=2;

--
-- AUTO_INCREMENT для таблицы `user_role`
--
ALTER TABLE `user_role`
  MODIFY `id_user_role` int(11) NOT NULL AUTO_INCREMENT;

--
-- Ограничения внешнего ключа сохраненных таблиц
--

--
-- Ограничения внешнего ключа таблицы `basket`
--
ALTER TABLE `basket`
  ADD CONSTRAINT `fk_basket_goods1` FOREIGN KEY (`id_good`) REFERENCES `goods` (`id_good`) ON DELETE NO ACTION ON UPDATE NO ACTION,
  ADD CONSTRAINT `fk_basket_order1` FOREIGN KEY (`id_order`) REFERENCES `order` (`id_order`) ON DELETE NO ACTION ON UPDATE NO ACTION,
  ADD CONSTRAINT `fk_basket_user1` FOREIGN KEY (`id_user`) REFERENCES `user` (`id_user`) ON DELETE NO ACTION ON UPDATE NO ACTION;

--
-- Ограничения внешнего ключа таблицы `goods`
--
ALTER TABLE `goods`
  ADD CONSTRAINT `fk_goods_categories` FOREIGN KEY (`id_category`) REFERENCES `categories` (`id_category`) ON DELETE NO ACTION ON UPDATE NO ACTION;

--
-- Ограничения внешнего ключа таблицы `order`
--
ALTER TABLE `order`
  ADD CONSTRAINT `fk_order_order_status1` FOREIGN KEY (`id_order_status`) REFERENCES `order_status` (`id_order_status`) ON DELETE NO ACTION ON UPDATE NO ACTION;

--
-- Ограничения внешнего ключа таблицы `user_role`
--
ALTER TABLE `user_role`
  ADD CONSTRAINT `fk_user_role_role1` FOREIGN KEY (`id_role`) REFERENCES `role` (`id_role`) ON DELETE NO ACTION ON UPDATE NO ACTION,
  ADD CONSTRAINT `fk_user_role_user1` FOREIGN KEY (`id_user`) REFERENCES `user` (`id_user`) ON DELETE NO ACTION ON UPDATE NO ACTION;
COMMIT;

/*!40101 SET CHARACTER_SET_CLIENT=@OLD_CHARACTER_SET_CLIENT */;
/*!40101 SET CHARACTER_SET_RESULTS=@OLD_CHARACTER_SET_RESULTS */;
/*!40101 SET COLLATION_CONNECTION=@OLD_COLLATION_CONNECTION */;
